date               ,hive_weight,hive_temperature,hive_humidity,ambient_temperature,ambient_humidity,ambient_luminosity,ambient_rain,wx_temp,wx_humidity,wx_wind,wx_gusts,wx_direction,wx_dewpoint,wx_pressure,wx_rain,battery
2018-10-26 00:00:01,28.910     ,26.5            ,64.2         ,                   ,                ,0                 ,9.1         ,82.0   ,0          ,1      ,135.0   ,6.2         ,1005.2     ,3          ,23.35
2018-10-27 00:00:01,28.970     ,26.9            ,76.3         ,                   ,                ,0                 ,6.6         ,94.0   ,0          ,0      ,        ,5.7         ,992.9      ,2          ,23.39
2018-10-28 00:00:01,28.790     ,23.3            ,61.8         ,                   ,                ,0                 ,4.0         ,74.0   ,0          ,2      ,        ,-0.2        ,1014.2     ,2          ,23.35
2018-10-29 00:00:01,28.690     ,22.1            ,62.4         ,                   ,                ,0                 ,3.0         ,83.0   ,0          ,2      ,        ,0.4         ,1022.2     ,1          ,23.36
2018-10-30 00:00:01,28.640     ,21.0            ,65.7         ,                   ,                ,0                 ,6.5         ,96.0   ,1          ,2      ,0.0     ,5.9         ,1005.1     ,0          ,23.32
2018-10-31 00:00:01,28.610     ,26.6            ,69.2         ,                   ,                ,0                 ,7.1         ,94.0   ,0          ,3      ,259.0   ,6.2         ,996.2      ,2          ,23.31
2018-11-01 00:00:01,28.360     ,25.2            ,65.3         ,                   ,                ,0                 ,6.7         ,97.0   ,0          ,0      ,        ,6.3         ,1019.9     ,1          ,23.31
2018-11-02 00:00:01,28.200     ,25.6            ,77.2         ,                   ,                ,0                 ,7.9         ,98.0   ,0          ,0      ,        ,7.6         ,1009.2     ,0          ,23.37
2018-11-03 00:00:01,28.070     ,26.2            ,75.8         ,                   ,                ,0                 ,6.5         ,96.0   ,0          ,1      ,135.0   ,5.9         ,1023.2     ,0          ,23.30
2018-11-04 00:00:01,27.880     ,26.9            ,69.7         ,                   ,                ,0                 ,3.2         ,98.0   ,0          ,0      ,        ,2.9         ,1027.1     ,0          ,23.41
2018-11-05 00:00:01,27.780     ,26.2            ,79.2         ,                   ,                ,0                 ,9.2         ,94.0   ,0          ,0      ,        ,8.3         ,1018.8     ,0          ,23.25
2018-11-06 00:00:01,27.760     ,26.6            ,87.2         ,                   ,                ,0                 ,9.8         ,99.0   ,0          ,1      ,315.0   ,9.7         ,1011.3     ,0          ,23.26
2018-11-07 00:00:01,27.500     ,28.9            ,75.7         ,                   ,                ,0                 ,7.3         ,99.0   ,0          ,0      ,        ,7.2         ,1012.3     ,0          ,23.26
2018-11-08 00:00:01,27.370     ,28.6            ,73.0         ,                   ,                ,0                 ,8.7         ,99.0   ,0          ,0      ,        ,8.6         ,1013.9     ,0          ,23.25
2018-11-09 00:00:01,27.260     ,27.3            ,81.3         ,                   ,                ,0                 ,6.0         ,99.0   ,0          ,0      ,        ,5.8         ,1021.2     ,0          ,23.35
2018-11-10 00:00:02,22.940     ,29.2            ,68.2         ,                   ,                ,0                 ,9.2         ,99.0   ,0          ,1      ,270.0   ,9.1         ,1012.8     ,0          ,23.32
2018-11-11 00:00:01,22.880     ,23.3            ,76.1         ,                   ,                ,0                 ,10.1        ,98.0   ,0          ,1      ,315.0   ,9.8         ,1008.0     ,0          ,23.32
2018-11-12 00:00:01,22.950     ,22.6            ,75.1         ,                   ,                ,0                 ,10.3        ,99.0   ,0          ,1      ,        ,10.2        ,1010.1     ,4          ,23.34
2018-11-13 00:00:01,22.920     ,22.1            ,78.6         ,                   ,                ,0                 ,10.3        ,99.0   ,0          ,2      ,225.0   ,10.2        ,1012.9     ,5          ,23.32
2018-11-14 00:00:01,22.710     ,21.1            ,77.5         ,                   ,                ,0                 ,9.4         ,97.0   ,0          ,2      ,135.0   ,8.9         ,1018.7     ,0          ,23.35
2018-11-15 00:00:02,22.590     ,21.5            ,74.8         ,                   ,                ,0                 ,9.4         ,97.0   ,0          ,0      ,        ,8.9         ,1027.4     ,0          ,23.36
2018-11-16 00:00:01,22.440     ,22.6            ,65.7         ,                   ,                ,0                 ,7.8         ,99.0   ,0          ,0      ,        ,7.7         ,1032.5     ,0          ,23.35
2018-11-17 00:00:01,22.330     ,20.2            ,72.1         ,                   ,                ,0                 ,7.4         ,87.0   ,0          ,0      ,        ,5.4         ,1038.4     ,0          ,23.34
2018-11-18 00:00:01,22.270     ,18.2            ,74.0         ,                   ,                ,0                 ,4.7         ,92.0   ,0          ,1      ,        ,3.5         ,1039.8     ,0          ,23.39
2018-11-19 00:00:01,22.220     ,16.4            ,79.8         ,                   ,                ,0                 ,5.2         ,80.0   ,1          ,4      ,0.0     ,2.1         ,1033.5     ,0          ,23.41
2018-11-20 00:00:01,22.160     ,13.7            ,63.9         ,                   ,                ,0                 ,3.6         ,89.0   ,1          ,1      ,45.0    ,1.9         ,1030.1     ,0          ,23.42
2018-11-21 00:00:01,22.140     ,13.5            ,70.4         ,                   ,                ,0                 ,4.9         ,81.0   ,2          ,4      ,315.0   ,1.9         ,1024.6     ,0          ,23.43
2018-11-22 00:00:01,22.090     ,13.0            ,67.7         ,                   ,                ,4                 ,5.0         ,77.0   ,0          ,1      ,292.0   ,1.3         ,1028.6     ,0          ,23.38
2018-11-23 00:00:01,22.050     ,12.1            ,68.4         ,                   ,                ,4                 ,3.2         ,80.0   ,0          ,1      ,315.0   ,0.1         ,1025.8     ,0          ,23.41
2018-11-24 00:00:01,22.050     ,11.2            ,69.5         ,                   ,                ,0                 ,2.7         ,94.0   ,0          ,0      ,        ,1.8         ,1017.8     ,0          ,23.39
2018-11-25 00:00:01,22.000     ,11.1            ,67.2         ,                   ,                ,4                 ,2.5         ,91.0   ,0          ,1      ,        ,1.2         ,1015.8     ,0          ,23.41
2018-11-26 00:00:01,21.970     ,8.9             ,64.3         ,                   ,                ,4                 ,-1.4        ,92.0   ,0          ,0      ,        ,-2.6        ,1018.2     ,0          ,23.48
2018-11-27 00:00:01,21.950     ,7.5             ,63.0         ,                   ,                ,0                 ,0.0         ,81.0   ,0          ,0      ,        ,-2.9        ,1019.9     ,0          ,23.44
2018-11-28 00:00:01,21.920     ,6.3             ,60.6         ,                   ,                ,0                 ,-2.8        ,96.0   ,0          ,0      ,        ,-3.3        ,1028.1     ,0          ,23.48
2018-11-29 00:00:01,21.820     ,6.8             ,60.2         ,                   ,                ,0                 ,2.8         ,72.0   ,2          ,4      ,315.0   ,-1.7        ,1023.0     ,0          ,23.44
2018-12-01 00:00:01,21.880     ,8.5             ,77.5         ,                   ,                ,0                 ,4.7         ,97.0   ,0          ,1      ,        ,4.3         ,1010.3     ,0          ,23.44
2018-12-02 00:00:01,21.860     ,9.1             ,82.5         ,                   ,                ,0                 ,6.0         ,99.0   ,0          ,0      ,        ,5.8         ,1006.4     ,0          ,23.41
2018-12-03 00:00:01,22.010     ,9.6             ,84.5         ,                   ,                ,0                 ,7.3         ,99.0   ,0          ,1      ,        ,7.2         ,992.9      ,5          ,23.33
2018-12-04 00:00:01,21.850     ,10.2            ,84.0         ,                   ,                ,0                 ,6.9         ,99.0   ,0          ,1      ,225.0   ,6.8         ,993.8      ,1          ,23.39
2018-12-05 00:00:01,21.670     ,7.5             ,62.6         ,                   ,                ,0                 ,4.5         ,70.0   ,1          ,3      ,315.0   ,-0.5        ,1018.0     ,0          ,23.45
2018-12-06 00:00:01,21.680     ,7.6             ,74.5         ,                   ,                ,0                 ,2.6         ,99.0   ,0          ,0      ,        ,2.4         ,1019.3     ,0          ,23.44
2018-12-07 00:00:01,21.890     ,8.9             ,87.2         ,                   ,                ,0                 ,8.3         ,99.0   ,0          ,0      ,        ,8.2         ,1004.0     ,2          ,23.37
2018-12-08 00:00:01,21.930     ,10.5            ,90.8         ,                   ,                ,0                 ,9.8         ,99.0   ,0          ,1      ,        ,9.7         ,987.2      ,3          ,23.36
2018-12-09 00:00:01,21.750     ,8.7             ,85.9         ,                   ,                ,0                 ,6.9         ,97.0   ,0          ,1      ,135.0   ,6.4         ,981.5      ,7          ,23.37
2018-12-10 00:00:01,21.700     ,7.9             ,77.2         ,                   ,                ,0                 ,3.8         ,93.0   ,1          ,1      ,90.0    ,2.8         ,995.1      ,1          ,23.37
2018-12-11 00:00:01,21.730     ,7.2             ,77.1         ,                   ,                ,0                 ,3.8         ,93.0   ,1          ,2      ,135.0   ,2.8         ,1005.1     ,1          ,23.43
2018-12-12 00:00:02,21.530     ,7.4             ,75.1         ,                   ,                ,0                 ,4.8         ,81.0   ,1          ,2      ,270.0   ,1.8         ,1023.1     ,0          ,23.42
2018-12-13 00:00:02,21.480     ,6.9             ,68.6         ,                   ,                ,0                 ,0.9         ,84.0   ,1          ,2      ,0.0     ,-1.5        ,1030.0     ,0          ,23.47
2018-12-14 00:00:01,21.450     ,6.9             ,71.9         ,                   ,                ,0                 ,1.6         ,89.0   ,1          ,1      ,270.0   ,0.0         ,1027.8     ,0          ,23.42
2018-12-15 00:00:01,21.450     ,6.8             ,74.1         ,                   ,                ,0                 ,2.0         ,92.0   ,1          ,2      ,315.0   ,0.8         ,1030.6     ,0          ,23.43
2018-12-16 00:00:01,21.510     ,6.7             ,78.0         ,                   ,                ,0                 ,2.2         ,96.0   ,1          ,1      ,180.0   ,1.6         ,1024.4     ,1          ,23.47
2018-12-17 00:00:01,21.360     ,6.4             ,67.9         ,                   ,                ,0                 ,1.1         ,75.0   ,0          ,0      ,        ,-2.8        ,1015.4     ,0          ,23.46
2018-12-18 00:00:01,21.500     ,10.0            ,90.0         ,                   ,                ,0                 ,2.1         ,81.0   ,0          ,1      ,        ,-0.8        ,1023.6     ,0          ,23.47
2018-12-19 00:00:01,21.560     ,11.9            ,90.0         ,                   ,                ,0                 ,5.0         ,99.0   ,0          ,1      ,315.0   ,4.8         ,1021.5     ,1          ,23.38
2018-12-20 00:00:02,21.520     ,11.4            ,85.9         ,                   ,                ,0                 ,3.6         ,99.0   ,0          ,0      ,        ,3.4         ,1013.7     ,2          ,23.44
2018-12-21 00:00:01,21.430     ,11.7            ,87.4         ,                   ,                ,0                 ,4.5         ,99.0   ,0          ,1      ,        ,4.3         ,1011.3     ,1          ,23.43
2018-12-22 00:00:01,21.360     ,11.2            ,85.5         ,                   ,                ,0                 ,2.8         ,99.0   ,1          ,3      ,270.0   ,2.7         ,996.5      ,7          ,23.45
2018-12-23 00:00:01,21.280     ,12.2            ,75.3         ,                   ,                ,0                 ,0.6         ,99.0   ,0          ,0      ,        ,0.4         ,1013.6     ,2          ,23.43
2018-12-24 00:00:01,21.870     ,13.5            ,68.9         ,                   ,                ,0                 ,-1.4        ,92.0   ,0          ,0      ,        ,-2.6        ,1015.5     ,0          ,23.46
2018-12-25 00:00:01,21.690     ,18.4            ,80.1         ,                   ,                ,0                 ,1.5         ,99.0   ,0          ,0      ,        ,1.3         ,1023.7     ,0          ,23.43
2018-12-26 00:00:01,20.560     ,29.2            ,64.3         ,                   ,                ,0                 ,5.8         ,90.0   ,1          ,3      ,180.0   ,4.3         ,1020.2     ,3          ,23.37
2018-12-27 00:00:01,20.360     ,29.3            ,57.9         ,                   ,                ,0                 ,8.2         ,99.0   ,1          ,2      ,135.0   ,8.1         ,1019.9     ,0          ,23.34
2018-12-28 00:00:01,20.270     ,27.0            ,59.4         ,                   ,                ,0                 ,7.5         ,98.0   ,1          ,3      ,180.0   ,7.2         ,1017.1     ,1          ,23.39
2018-12-29 00:00:01,20.130     ,28.0            ,50.2         ,                   ,                ,0                 ,5.7         ,99.0   ,0          ,0      ,        ,5.6         ,1022.2     ,0          ,23.35
2018-12-30 00:00:01,20.210     ,26.6            ,58.1         ,                   ,                ,0                 ,7.7         ,99.0   ,0          ,0      ,        ,7.6         ,1010.4     ,4          ,23.36
2018-12-31 00:00:01,19.990     ,21.5            ,59.7         ,                   ,                ,0                 ,2.3         ,99.0   ,0          ,0      ,        ,2.2         ,1026.0     ,1          ,23.44
2019-01-01 00:00:01,19.920     ,20.0            ,75.0         ,                   ,                ,0                 ,7.6         ,94.0   ,0          ,1      ,202.0   ,6.7         ,1016.3     ,0          ,23.40
2019-01-02 00:00:01,19.600     ,15.8            ,62.0         ,                   ,                ,0                 ,5.8         ,52.0   ,3          ,6      ,180.0   ,-3.3        ,1010.1     ,1          ,23.39
2019-01-03 00:00:01,19.440     ,15.2            ,63.7         ,                   ,                ,0                 ,-0.9        ,74.0   ,0          ,0      ,        ,-4.9        ,1031.3     ,0          ,23.38
2019-01-04 00:00:01,19.390     ,17.0            ,65.6         ,                   ,                ,0                 ,0.8         ,93.0   ,0          ,1      ,135.0   ,-0.2        ,1030.4     ,0          ,23.42
2019-01-05 00:00:01,19.370     ,18.5            ,72.0         ,                   ,                ,0                 ,6.4         ,97.0   ,1          ,1      ,180.0   ,5.9         ,1016.7     ,0          ,23.31
2019-01-06 00:00:01,19.270     ,18.6            ,61.2         ,                   ,                ,0                 ,-1.2        ,98.0   ,0          ,0      ,        ,-1.5        ,1025.7     ,0          ,23.47
2019-01-07 00:00:01,19.170     ,18.1            ,70.0         ,                   ,                ,0                 ,3.3         ,99.0   ,0          ,0      ,        ,3.2         ,1025.9     ,0          ,23.42
2019-01-08 00:00:01,19.310     ,18.7            ,71.0         ,                   ,                ,0                 ,6.5         ,99.0   ,1          ,1      ,135.0   ,6.3         ,1002.4     ,2          ,23.36
2019-01-09 00:00:01,19.240     ,16.3            ,71.4         ,                   ,                ,0                 ,1.9         ,97.0   ,2          ,4      ,135.0   ,1.5         ,1000.8     ,4          ,23.46
2019-01-10 00:00:01,18.980     ,13.7            ,76.5         ,                   ,                ,0                 ,-0.4        ,80.0   ,0          ,0      ,        ,-3.4        ,1021.7     ,0          ,23.50
2019-01-11 00:00:01,18.950     ,13.9            ,83.2         ,                   ,                ,0                 ,1.9         ,97.0   ,0          ,1      ,90.0    ,1.5         ,1017.4     ,0          ,23.47
2019-01-12 00:00:01,18.900     ,14.9            ,79.4         ,                   ,                ,0                 ,0.6         ,97.0   ,0          ,0      ,        ,0.2         ,1011.5     ,1          ,23.47
2019-01-13 00:00:01,19.000     ,14.6            ,85.8         ,                   ,                ,0                 ,4.9         ,99.0   ,0          ,1      ,45.0    ,4.8         ,995.9      ,2          ,23.41
2019-01-14 00:00:01,18.870     ,12.0            ,78.6         ,                   ,                ,0                 ,4.0         ,85.0   ,2          ,4      ,248.0   ,1.7         ,983.2      ,4          ,23.45
2019-01-19 00:00:01,19.620     ,6.7             ,61.8         ,                   ,                ,0                 ,-4.3        ,96.0   ,0          ,0      ,        ,-4.8        ,1010.7     ,0          ,23.49
2019-01-20 00:00:01,19.570     ,6.7             ,69.7         ,                   ,                ,0                 ,-0.5        ,99.0   ,0          ,0      ,        ,-0.6        ,1017.4     ,1          ,23.48
2019-01-21 00:00:01,19.490     ,6.9             ,68.4         ,                   ,                ,0                 ,-0.1        ,99.0   ,0          ,0      ,        ,-0.2        ,1019.8     ,0          ,23.44
2019-01-22 00:00:01,20.630     ,7.1             ,71.2         ,                   ,                ,0                 ,0.7         ,99.0   ,0          ,1      ,        ,0.6         ,1012.8     ,0          ,23.45
2019-01-23 00:00:01,20.410     ,6.4             ,66.0         ,                   ,                ,0                 ,-0.2        ,94.0   ,0          ,1      ,270.0   ,-1.1        ,1006.1     ,1          ,23.49
2019-01-24 00:00:01,20.320     ,4.8             ,61.1         ,                   ,                ,0                 ,-1.1        ,87.0   ,1          ,2      ,270.0   ,-3.0        ,1009.8     ,0          ,23.52
2019-01-25 00:00:02,20.210     ,4.7             ,59.6         ,                   ,                ,0                 ,-1.6        ,80.0   ,1          ,1      ,315.0   ,-4.6        ,1015.2     ,0          ,23.50
2019-01-26 00:00:01,20.150     ,4.2             ,58.4         ,                   ,                ,0                 ,-2.6        ,81.0   ,0          ,0      ,        ,-5.4        ,1005.7     ,0          ,23.49
2019-01-27 00:00:01,20.830     ,4.8             ,74.1         ,                   ,                ,0                 ,0.5         ,99.0   ,0          ,1      ,270.0   ,0.4         ,995.6      ,0          ,23.48
2019-01-28 00:00:01,20.360     ,6.4             ,79.9         ,                   ,                ,0                 ,3.0         ,99.0   ,0          ,0      ,        ,2.8         ,983.3      ,5          ,23.46
2019-01-29 00:00:01,18.520     ,6.3             ,75.3         ,                   ,                ,0                 ,1.0         ,99.0   ,0          ,0      ,        ,0.8         ,993.7      ,1          ,23.46
2019-01-30 00:00:01,18.380     ,5.8             ,68.7         ,                   ,                ,0                 ,-0.1        ,98.0   ,0          ,0      ,        ,-0.4        ,1000.7     ,0          ,23.49
2019-01-31 00:00:01,18.310     ,5.6             ,72.3         ,                   ,                ,0                 ,1.4         ,91.0   ,1          ,1      ,270.0   ,0.1         ,1001.7     ,0          ,23.45
2019-02-01 00:00:01,18.230     ,6.0             ,70.4         ,                   ,                ,0                 ,1.4         ,91.0   ,0          ,0      ,        ,0.1         ,1002.1     ,0          ,23.42
2019-02-02 00:00:01,18.170     ,6.2             ,68.6         ,                   ,                ,0                 ,1.7         ,91.0   ,1          ,1      ,315.0   ,0.4         ,998.2      ,0          ,23.47
2019-02-03 00:00:01,18.270     ,6.5             ,72.7         ,                   ,                ,0                 ,1.3         ,98.0   ,1          ,2      ,315.0   ,1.0         ,1002.6     ,1          ,23.45
2019-02-04 00:00:01,18.160     ,6.9             ,63.7         ,                   ,                ,0                 ,-2.0        ,95.0   ,0          ,0      ,        ,-2.7        ,1019.6     ,0          ,23.33
2019-02-05 00:00:01,18.240     ,6.1             ,74.3         ,                   ,                ,0                 ,1.6         ,98.0   ,0          ,1      ,225.0   ,1.3         ,1016.4     ,1          ,23.42
2019-02-06 00:00:01,18.090     ,7.3             ,77.2         ,                   ,                ,0                 ,4.1         ,89.0   ,1          ,1      ,315.0   ,2.4         ,1021.1     ,1          ,23.31
2019-02-07 00:00:01,18.240     ,7.7             ,79.7         ,                   ,                ,0                 ,4.4         ,99.0   ,0          ,0      ,        ,4.3         ,1014.0     ,4          ,23.41
2019-02-08 00:00:01,18.200     ,8.0             ,81.4         ,                   ,                ,0                 ,5.2         ,99.0   ,1          ,1      ,180.0   ,5.1         ,1000.5     ,4          ,23.40
2019-02-09 00:00:01,18.240     ,8.4             ,84.7         ,                   ,                ,0                 ,5.3         ,99.0   ,0          ,1      ,270.0   ,5.2         ,999.8      ,1          ,23.42
2019-02-10 00:00:01,18.150     ,7.8             ,84.1         ,                   ,                ,0                 ,6.4         ,92.0   ,1          ,2      ,135.0   ,5.2         ,994.8      ,7          ,23.40
2019-02-11 00:00:01,18.180     ,8.5             ,76.9         ,                   ,                ,0                 ,3.8         ,99.0   ,0          ,1      ,225.0   ,3.7         ,987.5      ,4          ,23.43
2019-02-12 00:00:01,17.980     ,5.9             ,68.2         ,                   ,                ,0                 ,2.1         ,83.0   ,1          ,2      ,135.0   ,-0.5        ,1015.4     ,1          ,23.44
2019-02-13 00:00:01,18.040     ,7.3             ,72.6         ,                   ,                ,0                 ,3.6         ,93.0   ,0          ,1      ,135.0   ,2.6         ,1023.7     ,0          ,23.46
2019-02-14 00:00:01,17.940     ,8.9             ,86.9         ,                   ,                ,0                 ,7.2         ,99.0   ,0          ,1      ,        ,7.1         ,1028.5     ,0          ,23.41
2019-02-15 00:00:01,17.910     ,9.5             ,82.7         ,                   ,                ,0                 ,6.0         ,96.0   ,0          ,1      ,180.0   ,5.4         ,1031.0     ,0          ,23.41
2019-02-16 00:00:02,17.870     ,14.8            ,67.4         ,                   ,                ,0                 ,2.0         ,91.0   ,0          ,0      ,        ,0.7         ,1025.6     ,0          ,23.46
2019-02-17 00:00:01,17.810     ,14.7            ,78.5         ,                   ,                ,4                 ,7.3         ,91.0   ,0          ,1      ,90.0    ,5.9         ,1020.4     ,0          ,23.39
2019-02-18 00:00:01,17.820     ,12.5            ,78.3         ,                   ,                ,4                 ,5.9         ,94.0   ,0          ,1      ,        ,5.0         ,1020.8     ,0          ,23.42
2019-02-19 00:00:01,17.810     ,13.8            ,80.3         ,                   ,                ,4                 ,3.7         ,96.0   ,0          ,0      ,        ,3.1         ,1011.2     ,0          ,23.42
2019-02-20 00:00:01,17.780     ,11.1            ,82.6         ,                   ,                ,4                 ,5.6         ,84.0   ,1          ,2      ,270.0   ,3.1         ,1008.9     ,2          ,23.42
2019-02-21 00:00:01,17.940     ,12.5            ,85.8         ,                   ,                ,0                 ,6.5         ,98.0   ,0          ,0      ,        ,6.2         ,1017.6     ,1          ,23.40
2019-02-22 00:00:01,17.930     ,11.6            ,78.1         ,                   ,                ,0                 ,2.8         ,99.0   ,1          ,3      ,315.0   ,2.7         ,1027.0     ,5          ,23.41
2019-02-23 00:00:01,17.560     ,8.3             ,62.2         ,                   ,                ,0                 ,1.2         ,73.0   ,0          ,1      ,        ,-3.1        ,1044.6     ,0          ,23.44
2019-02-24 00:00:01,17.480     ,8.7             ,64.8         ,                   ,                ,0                 ,1.3         ,78.0   ,0          ,0      ,        ,-2.1        ,1038.0     ,0          ,23.41
2019-02-25 00:00:01,17.480     ,13.7            ,77.3         ,                   ,                ,0                 ,5.1         ,98.0   ,0          ,1      ,        ,4.8         ,1036.0     ,0          ,23.37
2019-02-26 00:00:01,17.480     ,12.0            ,83.0         ,                   ,                ,0                 ,6.7         ,94.0   ,0          ,1      ,135.0   ,5.8         ,1031.5     ,0          ,23.38
2019-02-27 00:00:01,17.450     ,15.8            ,75.9         ,                   ,                ,0                 ,5.5         ,96.0   ,0          ,0      ,        ,4.9         ,1028.9     ,0          ,23.38
2019-02-28 00:00:01,17.360     ,16.1            ,70.1         ,                   ,                ,0                 ,7.1         ,79.0   ,0          ,1      ,180.0   ,3.7         ,1009.9     ,0          ,23.40
2019-03-01 00:00:02,17.300     ,13.9            ,52.5         ,                   ,                ,0                 ,0.0         ,89.0   ,0          ,0      ,        ,-1.6        ,1009.5     ,0          ,23.49
2019-03-02 00:00:01,17.290     ,11.5            ,60.0         ,                   ,                ,0                 ,0.8         ,94.0   ,0          ,0      ,        ,-0.1        ,1014.9     ,0          ,23.48
2019-03-03 00:00:01,17.300     ,12.7            ,75.6         ,                   ,                ,0                 ,4.4         ,83.0   ,0          ,1      ,        ,1.8         ,1005.1     ,0          ,23.40
2019-03-04 00:00:01,17.490     ,14.0            ,72.9         ,                   ,                ,0                 ,6.2         ,93.0   ,0          ,0      ,        ,5.2         ,992.8      ,3          ,23.42
2019-03-05 00:00:01,17.510     ,12.6            ,77.7         ,                   ,                ,0                 ,5.6         ,99.0   ,1          ,2      ,135.0   ,5.4         ,978.2      ,11         ,23.39
2019-03-06 00:00:01,17.490     ,11.7            ,74.2         ,                   ,                ,0                 ,3.6         ,99.0   ,0          ,0      ,        ,3.4         ,1005.2     ,16         ,23.40
2019-03-07 00:00:01,17.500     ,13.3            ,77.8         ,                   ,                ,0                 ,5.9         ,99.0   ,0          ,1      ,315.0   ,5.8         ,994.9      ,5          ,23.41
2019-03-08 00:00:01,17.370     ,12.8            ,77.5         ,                   ,                ,0                 ,6.1         ,92.0   ,0          ,1      ,180.0   ,4.9         ,989.4      ,3          ,23.41
2019-03-09 00:00:01,17.150     ,10.7            ,66.1         ,                   ,                ,0                 ,4.2         ,81.0   ,1          ,2      ,135.0   ,1.2         ,1004.8     ,2          ,23.43
2019-03-10 00:00:01,17.130     ,9.9             ,69.4         ,                   ,                ,0                 ,4.2         ,81.0   ,1          ,2      ,135.0   ,1.2         ,993.7      ,2          ,23.41
2019-03-11 00:00:01,17.230     ,9.6             ,66.6         ,                   ,                ,0                 ,-0.4        ,86.0   ,0          ,1      ,180.0   ,-2.4        ,1000.8     ,5          ,23.48
2019-03-12 00:00:01,17.060     ,9.2             ,54.8         ,                   ,                ,0                 ,-1.8        ,81.0   ,0          ,0      ,        ,-4.6        ,1015.0     ,0          ,23.49
2019-03-13 00:00:01,17.340     ,10.1            ,78.1         ,                   ,                ,0                 ,3.4         ,99.0   ,1          ,4      ,225.0   ,3.3         ,994.9      ,7          ,23.41
2019-03-14 00:00:02,17.280     ,11.0            ,84.5         ,                   ,                ,0                 ,5.0         ,99.0   ,0          ,1      ,        ,4.8         ,989.3      ,7          ,23.41
2019-03-15 00:00:01,17.280     ,11.5            ,81.2         ,                   ,                ,0                 ,4.5         ,99.0   ,0          ,0      ,        ,4.3         ,988.1      ,5          ,23.43
2019-03-16 00:00:01,17.260     ,9.9             ,79.0         ,                   ,                ,0                 ,3.8         ,99.0   ,1          ,2      ,225.0   ,3.7         ,989.7      ,7          ,23.43
2019-03-17 00:00:01,17.280     ,11.4            ,80.9         ,                   ,                ,0                 ,6.6         ,99.0   ,0          ,0      ,        ,6.4         ,991.1      ,7          ,23.40
2019-03-18 00:00:01,16.990     ,10.2            ,78.2         ,                   ,                ,0                 ,5.3         ,83.0   ,1          ,3      ,180.0   ,2.7         ,992.0      ,2          ,23.36
2019-03-19 00:00:01,16.930     ,9.7             ,73.4         ,                   ,                ,0                 ,3.3         ,80.0   ,0          ,1      ,135.0   ,0.2         ,1012.8     ,0          ,23.43
2019-03-20 00:00:01,16.790     ,12.4            ,63.8         ,                   ,                ,4                 ,0.9         ,80.0   ,0          ,0      ,        ,-2.2        ,1026.8     ,0          ,23.48
2019-03-21 00:00:01,16.870     ,13.2            ,88.7         ,                   ,                ,0                 ,6.8         ,99.0   ,0          ,1      ,135.0   ,6.7         ,1029.0     ,0          ,23.39
2019-03-22 00:00:01,16.840     ,17.3            ,85.3         ,                   ,                ,4                 ,9.4         ,95.0   ,1          ,2      ,270.0   ,8.7         ,1029.6     ,0          ,23.32
2019-03-23 00:00:01,16.820     ,15.2            ,83.1         ,                   ,                ,0                 ,7.4         ,99.0   ,0          ,1      ,        ,7.3         ,1025.6     ,0          ,23.35
2019-03-24 00:00:01,16.680     ,18.3            ,61.8         ,                   ,                ,0                 ,4.9         ,78.0   ,0          ,1      ,176.0   ,1.4         ,1027.2     ,0          ,23.42
2019-03-25 00:00:01,16.630     ,14.7            ,69.9         ,                   ,                ,0                 ,5.0         ,84.0   ,0          ,1      ,90.0    ,2.5         ,1012.1     ,0          ,23.42
2019-03-26 00:00:01,16.640     ,13.8            ,67.9         ,                   ,                ,0                 ,1.8         ,93.0   ,0          ,0      ,        ,0.8         ,1019.5     ,2          ,23.45
2019-03-27 00:00:02,16.550     ,12.4            ,58.8         ,                   ,                ,0                 ,1.2         ,80.0   ,0          ,0      ,        ,-1.9        ,1024.0     ,0          ,23.46
2019-03-28 00:00:01,16.600     ,15.4            ,79.1         ,                   ,                ,0                 ,7.7         ,96.0   ,0          ,1      ,180.0   ,7.1         ,1026.5     ,0          ,23.37
2019-03-29 00:00:01,16.550     ,21.2            ,66.8         ,                   ,                ,0                 ,7.8         ,93.0   ,0          ,1      ,135.0   ,6.7         ,1030.7     ,0          ,23.34
2019-03-30 00:00:01,16.510     ,21.9            ,57.2         ,                   ,                ,0                 ,7.2         ,82.0   ,0          ,1      ,135.0   ,4.3         ,1023.6     ,0          ,23.39
2019-03-31 00:00:01,16.520     ,22.4            ,68.3         ,                   ,                ,0                 ,8.2         ,84.0   ,0          ,1      ,135.0   ,5.7         ,1015.3     ,0          ,23.38
2019-04-01 00:00:01,16.410     ,18.7            ,41.6         ,                   ,                ,0                 ,0.6         ,71.0   ,0          ,0      ,        ,-4.1        ,1026.9     ,0          ,23.43
2019-04-02 00:00:01,16.400     ,18.5            ,50.9         ,                   ,                ,0                 ,3.6         ,75.0   ,0          ,1      ,        ,-0.4        ,1024.3     ,0          ,23.46
2019-04-03 00:00:01,16.390     ,18.7            ,53.0         ,                   ,                ,0                 ,7.1         ,66.0   ,1          ,2      ,270.0   ,1.2         ,1008.2     ,0          ,23.36
2019-04-04 00:00:01,16.400     ,22.5            ,70.0         ,                   ,                ,0                 ,8.8         ,69.0   ,0          ,1      ,0.0     ,3.4         ,1004.5     ,0          ,23.34
2019-04-05 00:00:01,16.400     ,23.9            ,67.1         ,                   ,                ,0                 ,8.6         ,67.0   ,1          ,2      ,315.0   ,2.8         ,1004.8     ,0          ,23.37
2019-04-06 00:00:01,16.560     ,29.6            ,39.8         ,                   ,                ,0                 ,9.3         ,59.0   ,1          ,2      ,270.0   ,1.7         ,1009.9     ,0          ,23.35
2019-04-07 00:00:01,16.550     ,29.7            ,36.8         ,                   ,                ,0                 ,7.4         ,71.0   ,0          ,1      ,        ,2.5         ,1011.4     ,0          ,23.39
2019-04-09 00:00:01,16.490     ,29.0            ,46.4         ,                   ,                ,0                 ,3.5         ,79.0   ,0          ,0      ,        ,0.2         ,1017.1     ,0          ,23.40
2019-04-10 00:00:01,16.410     ,28.8            ,27.9         ,                   ,                ,0                 ,1.4         ,69.0   ,1          ,1      ,180.0   ,-3.7        ,1018.5     ,0          ,23.50
2019-04-11 00:00:02,16.360     ,29.4            ,25.8         ,                   ,                ,0                 ,3.2         ,70.0   ,0          ,1      ,        ,-1.7        ,1024.9     ,0          ,23.48
2019-04-12 00:00:01,16.280     ,27.4            ,28.2         ,                   ,                ,0                 ,1.2         ,74.0   ,0          ,0      ,        ,-2.9        ,1029.4     ,0          ,23.50
2019-04-13 00:00:01,16.220     ,27.8            ,23.6         ,                   ,                ,0                 ,1.3         ,66.0   ,0          ,0      ,        ,-4.3        ,1030.7     ,0          ,23.31
2019-04-14 00:00:01,16.180     ,27.2            ,24.4         ,                   ,                ,0                 ,3.2         ,68.0   ,1          ,1      ,315.0   ,-2.1        ,1030.6     ,0          ,23.31
2019-04-15 00:00:01,16.080     ,28.7            ,29.5         ,                   ,                ,0                 ,3.6         ,68.0   ,0          ,0      ,        ,-1.7        ,1034.4     ,0          ,23.23
2019-04-23 00:00:01,16.490     ,33.5            ,56.1         ,                   ,                ,0                 ,8.5         ,85.0   ,0          ,1      ,        ,6.1         ,1020.6     ,0          ,23.66
2019-04-24 00:00:01,16.510     ,34.2            ,54.6         ,                   ,                ,0                 ,12.5        ,50.0   ,1          ,2      ,90.0    ,2.3         ,1012.7     ,0          ,23.64
2019-05-28 00:00:01,-3.066     ,22.8            ,47.3         ,23.2               ,45.9            ,0                 ,11.6        ,77.0   ,0          ,0      ,        ,7.7         ,1003.4     ,1          ,4.84
2019-05-29 00:00:01,8.555      ,                ,             ,19.1               ,89.2            ,0                 ,10.2        ,63.0   ,1          ,3      ,180.0   ,3.4         ,1011.0     ,0          ,23.43
2019-05-30 00:00:01,18.690     ,                ,             ,18.4               ,86.1            ,0                 ,8.5         ,66.0   ,0          ,0      ,        ,2.5         ,1022.4     ,0          ,23.43
2019-05-31 00:00:01,18.740     ,22.3            ,99.1         ,                   ,                ,0                 ,14.5        ,98.0   ,0          ,1      ,90.0    ,14.2        ,1017.1     ,1          ,23.26
2019-06-01 00:00:01,18.660     ,21.2            ,94.4         ,                   ,                ,0                 ,12.7        ,75.0   ,0          ,0      ,        ,8.4         ,1020.0     ,3          ,23.25
2019-06-02 00:00:01,18.670     ,20.8            ,99.9         ,                   ,                ,0                 ,12.4        ,84.0   ,0          ,0      ,        ,9.8         ,1017.8     ,0          ,23.28
2019-06-03 00:00:01,18.760     ,23.0            ,99.9         ,                   ,                ,0                 ,16.1        ,63.0   ,0          ,1      ,315.0   ,9.1         ,1013.5     ,0          ,23.23
2019-06-04 00:00:01,19.310     ,25.1            ,99.9         ,                   ,                ,0                 ,17.2        ,75.0   ,0          ,0      ,        ,12.7        ,1013.3     ,1          ,23.19
2019-06-05 00:00:01,19.260     ,23.9            ,99.9         ,                   ,                ,0                 ,15.4        ,75.0   ,0          ,0      ,        ,11.0        ,1011.4     ,1          ,23.19
2019-06-06 00:00:01,19.880     ,27.4            ,99.9         ,                   ,                ,0                 ,20.7        ,70.0   ,0          ,1      ,        ,15.0        ,1009.8     ,0          ,23.02
2019-06-07 00:00:01,20.270     ,24.5            ,99.9         ,                   ,                ,0                 ,17.8        ,95.0   ,0          ,1      ,135.0   ,17.0        ,1011.1     ,2          ,23.11
2019-06-08 00:00:02,20.010     ,23.9            ,99.9         ,                   ,                ,0                 ,13.9        ,89.0   ,0          ,0      ,        ,12.1        ,1013.1     ,2          ,23.17
2019-06-09 00:00:01,19.780     ,25.1            ,99.9         ,                   ,                ,0                 ,14.8        ,70.0   ,0          ,1      ,        ,9.4         ,1017.8     ,2          ,23.17
2019-06-10 00:00:01,19.210     ,23.3            ,99.9         ,                   ,                ,0                 ,13.2        ,72.0   ,0          ,0      ,        ,8.3         ,1022.4     ,0          ,23.24
2019-06-11 00:00:01,19.240     ,24.0            ,99.9         ,                   ,                ,0                 ,16.2        ,70.0   ,1          ,1      ,315.0   ,10.7        ,1014.8     ,0          ,23.20
2019-06-12 00:00:01,19.650     ,23.7            ,99.9         ,                   ,                ,0                 ,18.0        ,88.0   ,1          ,2      ,0.0     ,16.0        ,1013.9     ,4          ,23.17
2019-06-13 00:00:01,20.030     ,23.5            ,99.9         ,                   ,                ,0                 ,17.2        ,98.0   ,1          ,1      ,315.0   ,16.9        ,1007.7     ,11         ,23.22
2019-06-14 00:00:01,19.700     ,22.4            ,99.9         ,                   ,                ,0                 ,17.3        ,80.0   ,0          ,0      ,        ,13.8        ,1015.1     ,1          ,23.20
2019-06-15 00:00:01,19.610     ,22.4            ,99.9         ,                   ,                ,0                 ,16.0        ,87.0   ,0          ,0      ,        ,13.8        ,1018.0     ,4          ,23.19
2019-06-16 00:00:01,19.420     ,24.8            ,99.9         ,                   ,                ,0                 ,17.1        ,91.0   ,0          ,0      ,        ,15.6        ,1011.9     ,3          ,23.17
2019-06-17 00:00:01,19.320     ,24.6            ,99.9         ,                   ,                ,0                 ,15.3        ,81.0   ,0          ,0      ,        ,12.1        ,1019.5     ,0          ,23.22
2019-06-18 00:00:02,19.300     ,23.6            ,99.9         ,                   ,                ,0                 ,17.1        ,79.0   ,0          ,0      ,        ,13.4        ,1020.1     ,0          ,23.19
2019-06-20 00:00:02,20.000     ,26.2            ,99.9         ,                   ,                ,0                 ,20.1        ,82.0   ,0          ,0      ,        ,16.9        ,1007.4     ,4          ,23.07
2019-06-21 00:00:01,20.100     ,23.9            ,99.9         ,                   ,                ,0                 ,16.7        ,85.0   ,0          ,0      ,        ,14.2        ,1011.4     ,1          ,23.09
2019-06-22 00:00:01,19.840     ,23.5            ,99.9         ,                   ,                ,0                 ,14.6        ,67.0   ,0          ,0      ,        ,8.6         ,1018.8     ,0          ,23.17
2019-06-23 00:00:02,19.840     ,22.1            ,99.9         ,                   ,                ,0                 ,12.7        ,72.0   ,0          ,0      ,        ,7.8         ,1024.5     ,0          ,23.14
2019-06-24 00:00:01,20.220     ,22.9            ,99.9         ,                   ,                ,0                 ,14.2        ,64.0   ,0          ,0      ,        ,7.5         ,1025.7     ,0          ,23.12
2019-06-25 00:00:01,20.890     ,23.9            ,99.9         ,                   ,                ,0                 ,17.1        ,63.0   ,1          ,2      ,315.0   ,10.0        ,1026.2     ,0          ,23.18
2019-06-26 00:00:02,22.160     ,24.4            ,99.9         ,                   ,                ,0                 ,21.7        ,61.0   ,0          ,1      ,270.0   ,13.8        ,1020.2     ,0          ,23.14
2019-06-28 00:00:02,22.800     ,23.5            ,99.9         ,                   ,                ,0                 ,16.9        ,79.0   ,0          ,1      ,135.0   ,13.2        ,1021.5     ,0          ,23.15
2019-06-29 00:00:01,23.920     ,23.0            ,99.9         ,                   ,                ,0                 ,17.3        ,73.0   ,0          ,0      ,        ,12.4        ,1021.5     ,0          ,23.13
2019-06-30 00:00:01,25.010     ,25.8            ,99.9         ,                   ,                ,0                 ,19.9        ,77.0   ,0          ,0      ,        ,15.7        ,1013.8     ,0          ,23.14
2019-07-01 00:00:01,26.270     ,23.4            ,99.9         ,                   ,                ,0                 ,18.7        ,66.0   ,1          ,3      ,270.0   ,12.2        ,1008.7     ,0          ,23.08
2019-07-02 00:00:01,26.780     ,24.6            ,99.9         ,                   ,                ,0                 ,16.0        ,83.0   ,0          ,1      ,        ,13.1        ,1009.1     ,3          ,23.22
2019-07-03 00:00:01,26.150     ,22.9            ,99.2         ,                   ,                ,0                 ,13.3        ,56.0   ,0          ,2      ,        ,4.7         ,1016.1     ,3          ,23.27
2019-07-04 00:00:01,25.930     ,23.1            ,97.4         ,                   ,                ,0                 ,13.7        ,59.0   ,1          ,3      ,180.0   ,5.8         ,1018.2     ,0          ,23.24
2019-07-05 00:00:01,26.420     ,22.7            ,99.9         ,                   ,                ,0                 ,12.6        ,99.0   ,1          ,2      ,315.0   ,12.4        ,1009.1     ,9          ,23.26
2019-07-06 00:00:01,26.030     ,23.2            ,98.7         ,                   ,                ,0                 ,14.0        ,72.0   ,0          ,1      ,        ,9.1         ,1009.0     ,2          ,23.22
2019-07-07 00:00:01,26.270     ,22.3            ,99.9         ,                   ,                ,0                 ,12.6        ,82.0   ,1          ,2      ,225.0   ,9.6         ,1000.2     ,5          ,23.28
2019-07-08 00:00:01,26.170     ,23.2            ,99.9         ,                   ,                ,0                 ,13.3        ,90.0   ,0          ,1      ,        ,11.7        ,1008.5     ,2          ,23.24
2019-07-09 00:00:01,25.760     ,23.5            ,99.9         ,                   ,                ,0                 ,13.8        ,87.0   ,0          ,0      ,        ,11.7        ,1012.3     ,10         ,23.25
2019-07-10 00:00:01,25.770     ,24.1            ,98.7         ,                   ,                ,0                 ,15.5        ,88.0   ,0          ,1      ,225.0   ,13.5        ,1014.8     ,0          ,23.20
2019-07-11 00:00:01,25.770     ,23.6            ,96.1         ,                   ,                ,0                 ,15.7        ,72.0   ,0          ,1      ,225.0   ,10.7        ,1013.9     ,0          ,23.19
2019-07-12 00:00:01,19.340     ,26.0            ,99.9         ,                   ,                ,0                 ,15.2        ,72.0   ,0          ,0      ,        ,10.2        ,1011.0     ,0          ,23.22
2019-07-13 00:00:01,19.550     ,26.6            ,99.2         ,                   ,                ,0                 ,18.0        ,77.0   ,0          ,0      ,        ,13.9        ,1010.6     ,0          ,23.19
2019-07-14 00:00:01,19.540     ,26.4            ,99.4         ,                   ,                ,0                 ,17.3        ,80.0   ,0          ,0      ,        ,13.8        ,1013.0     ,0          ,23.18
2019-07-15 00:00:01,19.420     ,25.8            ,97.4         ,                   ,                ,0                 ,14.9        ,81.0   ,0          ,0      ,        ,11.7        ,1014.4     ,0          ,23.21
2019-07-16 00:00:01,19.260     ,26.0            ,97.5         ,                   ,                ,0                 ,16.1        ,79.0   ,1          ,3      ,180.0   ,12.4        ,1010.1     ,0          ,23.20
2019-07-17 00:00:01,24.770     ,28.9            ,94.8         ,                   ,                ,0                 ,15.4        ,81.0   ,0          ,0      ,        ,12.2        ,1012.3     ,0          ,23.25
2019-07-18 00:00:01,24.550     ,26.5            ,93.9         ,                   ,                ,0                 ,14.7        ,79.0   ,0          ,0      ,        ,11.1        ,1013.2     ,0          ,23.22
2019-07-19 00:00:01,24.430     ,26.9            ,96.1         ,                   ,                ,0                 ,17.7        ,72.0   ,0          ,0      ,        ,12.6        ,1011.6     ,0          ,23.22
2019-07-20 00:00:01,24.350     ,26.9            ,99.9         ,                   ,                ,0                 ,18.4        ,84.0   ,0          ,0      ,        ,15.7        ,1013.0     ,0          ,23.18
2019-07-21 00:00:01,24.240     ,26.4            ,99.9         ,                   ,                ,0                 ,19.6        ,82.0   ,0          ,1      ,315.0   ,16.4        ,1010.0     ,0          ,23.18
2019-07-24 00:00:01,23.790     ,26.4            ,99.0         ,                   ,                ,0                 ,19.8        ,83.0   ,0          ,0      ,        ,16.8        ,1018.8     ,0          ,23.15
2019-07-25 00:00:01,23.650     ,27.0            ,95.9         ,                   ,                ,0                 ,20.7        ,77.0   ,0          ,0      ,        ,16.5        ,1018.7     ,0          ,23.17
2019-07-26 00:00:01,23.590     ,26.0            ,95.9         ,                   ,                ,0                 ,19.1        ,76.0   ,0          ,0      ,        ,14.8        ,1018.7     ,0          ,23.14
2019-07-27 00:00:01,23.440     ,26.7            ,90.7         ,                   ,                ,0                 ,20.8        ,63.0   ,1          ,1      ,270.0   ,13.5        ,1015.3     ,0          ,23.14
2019-07-28 00:00:01,23.430     ,26.8            ,92.2         ,                   ,                ,0                 ,21.0        ,74.0   ,1          ,2      ,0.0     ,16.2        ,1009.6     ,0          ,23.17
2019-07-29 00:00:01,23.350     ,25.8            ,99.9         ,                   ,                ,0                 ,20.4        ,89.0   ,0          ,1      ,315.0   ,18.5        ,1007.4     ,0          ,23.15
2019-07-30 00:00:01,23.280     ,27.0            ,95.1         ,                   ,                ,0                 ,22.5        ,76.0   ,0          ,0      ,        ,18.1        ,1009.4     ,0          ,23.13
2019-07-31 00:00:01,23.200     ,24.8            ,95.4         ,                   ,                ,0                 ,18.0        ,85.0   ,1          ,2      ,225.0   ,15.4        ,1013.8     ,0          ,23.18
2019-08-01 00:00:01,23.380     ,23.0            ,99.3         ,                   ,                ,0                 ,15.8        ,94.0   ,0          ,0      ,        ,14.8        ,1017.3     ,0          ,23.21
2019-08-02 00:00:02,23.000     ,22.6            ,99.9         ,                   ,                ,0                 ,15.3        ,90.0   ,0          ,0      ,        ,13.7        ,1016.5     ,0          ,23.22
2019-08-03 00:00:01,22.770     ,22.8            ,97.5         ,                   ,                ,0                 ,15.5        ,86.0   ,0          ,0      ,        ,13.2        ,1014.2     ,0          ,23.22
2019-08-04 00:00:01,22.740     ,23.3            ,99.9         ,                   ,                ,0                 ,17.2        ,79.0   ,0          ,0      ,        ,13.5        ,1013.5     ,0          ,23.19
2019-08-05 00:00:01,22.630     ,23.9            ,98.5         ,                   ,                ,0                 ,18.1        ,77.0   ,0          ,0      ,        ,14.0        ,1012.3     ,0          ,23.19
2019-08-06 00:00:01,22.620     ,25.4            ,99.9         ,                   ,                ,0                 ,18.8        ,85.0   ,0          ,0      ,        ,16.2        ,1007.5     ,0          ,23.15
2019-08-07 00:00:01,22.460     ,23.6            ,98.8         ,                   ,                ,0                 ,17.8        ,72.0   ,0          ,0      ,        ,12.7        ,1005.4     ,0          ,23.18
2019-08-08 00:00:01,22.540     ,22.5            ,99.9         ,                   ,                ,0                 ,16.8        ,92.0   ,0          ,0      ,        ,15.5        ,1003.7     ,0          ,23.18
2019-08-09 00:00:01,22.640     ,21.5            ,99.9         ,                   ,                ,0                 ,15.2        ,97.0   ,0          ,0      ,        ,14.7        ,1005.9     ,6          ,23.12
2019-08-10 00:00:01,22.240     ,22.4            ,99.9         ,                   ,                ,0                 ,18.2        ,82.0   ,0          ,1      ,        ,15.1        ,1009.0     ,0          ,23.12
2019-08-11 00:00:01,22.210     ,22.1            ,99.9         ,                   ,                ,0                 ,17.2        ,94.0   ,0          ,1      ,        ,16.2        ,1007.2     ,9          ,23.13
2019-08-12 00:00:01,22.020     ,22.8            ,96.0         ,                   ,                ,0                 ,18.2        ,71.0   ,0          ,0      ,        ,12.8        ,1010.8     ,0          ,23.14
2019-08-13 00:00:01,19.290     ,21.2            ,95.6         ,                   ,                ,0                 ,13.2        ,86.0   ,0          ,0      ,        ,10.9        ,1010.6     ,13         ,23.12
2019-08-14 00:00:02,19.280     ,18.6            ,99.9         ,                   ,                ,0                 ,12.6        ,94.0   ,0          ,0      ,        ,11.7        ,1012.3     ,13         ,23.18
2019-08-15 00:00:01,18.850     ,18.9            ,96.9         ,                   ,                ,0                 ,12.9        ,81.0   ,0          ,0      ,        ,9.7         ,1012.9     ,0          ,23.19
2019-08-16 00:00:01,18.880     ,21.2            ,99.9         ,                   ,                ,0                 ,16.8        ,99.0   ,0          ,0      ,        ,16.7        ,1007.2     ,6          ,23.16
2019-08-17 00:00:01,17.930     ,18.1            ,96.9         ,                   ,                ,0                 ,14.7        ,80.0   ,0          ,0      ,        ,11.3        ,1012.3     ,0          ,23.18
2019-08-18 00:00:01,29.060     ,22.2            ,99.9         ,                   ,                ,0                 ,17.6        ,97.0   ,0          ,0      ,        ,17.1        ,1005.6     ,4          ,23.15
2019-08-19 00:00:01,27.930     ,19.1            ,99.9         ,                   ,                ,0                 ,14.6        ,99.0   ,0          ,0      ,        ,14.4        ,1004.7     ,6          ,23.23
2019-08-20 00:00:01,26.720     ,19.9            ,99.9         ,                   ,                ,0                 ,15.0        ,92.0   ,0          ,1      ,        ,13.7        ,1014.8     ,1          ,23.18
2019-08-21 00:00:01,26.260     ,23.2            ,99.9         ,                   ,                ,0                 ,13.3        ,89.0   ,0          ,0      ,        ,11.5        ,1021.8     ,0          ,23.21
2019-08-22 00:00:01,25.610     ,22.4            ,99.9         ,                   ,                ,0                 ,12.5        ,85.0   ,0          ,0      ,        ,10.1        ,1027.1     ,0          ,23.22
2019-08-23 00:00:01,25.100     ,23.7            ,74.0         ,                   ,                ,0                 ,16.9        ,83.0   ,0          ,0      ,        ,14.0        ,1023.6     ,0          ,23.16
2019-08-24 00:00:01,24.700     ,19.3            ,56.9         ,                   ,                ,0                 ,17.3        ,86.0   ,0          ,0      ,        ,14.9        ,1025.0     ,0          ,23.16
2019-08-25 00:00:01,24.690     ,23.8            ,91.5         ,                   ,                ,0                 ,16.7        ,86.0   ,0          ,0      ,        ,14.3        ,1024.8     ,0          ,23.17
2019-08-26 00:00:01,16.360     ,                ,             ,                   ,                ,0                 ,20.1        ,71.0   ,1          ,2      ,315.0   ,14.7        ,1023.8     ,0          ,23.17
2019-08-28 00:00:01,24.520     ,                ,             ,                   ,                ,0                 ,22.6        ,78.0   ,0          ,1      ,        ,18.6        ,1018.4     ,0          ,23.15
2019-08-29 00:00:01,23.180     ,                ,             ,                   ,                ,0                 ,21.1        ,88.0   ,0          ,0      ,        ,19.1        ,1012.1     ,0          ,23.16
2019-08-30 00:00:01,29.040     ,                ,             ,                   ,                ,0                 ,18.4        ,91.0   ,0          ,0      ,        ,16.9        ,1018.1     ,3          ,23.20
2019-08-31 00:00:01,27.510     ,                ,             ,                   ,                ,0                 ,17.4        ,92.0   ,0          ,0      ,        ,16.1        ,1020.8     ,0          ,23.20
2019-09-01 00:00:01,26.710     ,                ,             ,                   ,                ,0                 ,20.4        ,91.0   ,0          ,1      ,45.0    ,18.9        ,1008.5     ,0          ,23.12
2019-09-02 00:00:01,26.410     ,                ,             ,                   ,                ,0                 ,15.0        ,92.0   ,0          ,0      ,        ,13.7        ,1012.2     ,2          ,23.15
2019-09-03 00:00:01,26.000     ,                ,             ,                   ,                ,0                 ,11.2        ,84.0   ,0          ,0      ,        ,8.6         ,1019.1     ,0          ,23.20
2019-09-04 00:00:01,26.310     ,                ,             ,                   ,                ,0                 ,13.6        ,89.0   ,0          ,0      ,        ,11.8        ,1016.0     ,2          ,23.25
2019-09-05 00:00:01,26.160     ,                ,             ,                   ,                ,0                 ,15.7        ,97.0   ,0          ,1      ,        ,15.2        ,1006.5     ,4          ,23.22
2019-09-06 00:00:01,26.050     ,                ,             ,                   ,                ,0                 ,12.7        ,78.0   ,1          ,2      ,135.0   ,8.9         ,1014.1     ,4          ,23.23
2019-09-07 00:00:01,25.990     ,                ,             ,                   ,                ,0                 ,12.3        ,99.0   ,0          ,0      ,        ,12.2        ,1015.3     ,7          ,23.22
2019-09-08 00:00:01,25.750     ,                ,             ,                   ,                ,0                 ,12.2        ,90.0   ,0          ,0      ,        ,10.6        ,1017.6     ,0          ,23.22
2019-09-09 00:00:01,25.810     ,                ,             ,                   ,                ,0                 ,14.3        ,86.0   ,0          ,0      ,        ,12.0        ,1017.8     ,0          ,23.18
2019-09-10 00:00:01,25.920     ,                ,             ,                   ,                ,0                 ,15.6        ,99.0   ,0          ,0      ,        ,15.4        ,1008.6     ,0          ,23.24
2019-09-11 00:00:01,25.900     ,                ,             ,                   ,                ,0                 ,14.9        ,99.0   ,0          ,1      ,135.0   ,14.7        ,1011.5     ,20         ,23.26
2019-09-12 00:00:02,25.640     ,                ,             ,                   ,                ,0                 ,14.8        ,99.0   ,1          ,3      ,180.0   ,14.7        ,1014.6     ,5          ,23.21
2019-09-13 00:00:01,25.590     ,                ,             ,                   ,                ,0                 ,15.4        ,86.0   ,0          ,1      ,225.0   ,13.1        ,1021.0     ,0          ,23.17
2019-09-14 00:00:01,25.450     ,                ,             ,                   ,                ,0                 ,12.5        ,76.0   ,0          ,1      ,225.0   ,8.4         ,1029.8     ,3          ,23.29
2019-09-15 00:00:01,25.290     ,                ,             ,                   ,                ,0                 ,12.1        ,81.0   ,0          ,0      ,        ,8.9         ,1023.2     ,0          ,23.28
2019-09-17 00:00:01,25.160     ,                ,             ,                   ,                ,0                 ,12.0        ,79.0   ,0          ,1      ,135.0   ,8.4         ,1011.4     ,0          ,23.26
2019-09-18 00:00:02,25.160     ,                ,             ,                   ,                ,0                 ,8.4         ,90.0   ,0          ,1      ,180.0   ,6.8         ,1011.3     ,5          ,23.32
2019-09-20 00:00:01,24.890     ,                ,             ,                   ,                ,0                 ,7.8         ,89.0   ,0          ,0      ,        ,6.1         ,1026.2     ,0          ,23.28
2019-09-21 00:00:01,24.930     ,                ,             ,                   ,                ,0                 ,13.4        ,89.0   ,0          ,1      ,315.0   ,11.6        ,1020.9     ,0          ,23.27
2019-09-22 00:00:01,24.860     ,                ,             ,                   ,                ,0                 ,10.0        ,92.0   ,0          ,0      ,        ,8.8         ,1018.1     ,0          ,23.25
2019-09-23 00:00:01,25.040     ,                ,             ,                   ,                ,0                 ,13.8        ,89.0   ,1          ,3      ,315.0   ,12.0        ,1015.6     ,0          ,23.20
2019-09-24 00:00:01,32.800     ,                ,             ,                   ,                ,0                 ,12.5        ,89.0   ,1          ,2      ,225.0   ,10.7        ,1016.5     ,0          ,23.22
2019-09-25 00:00:01,32.300     ,                ,             ,                   ,                ,0                 ,13.7        ,96.0   ,0          ,0      ,        ,13.1        ,1009.9     ,0          ,23.28
2019-09-26 00:00:01,31.470     ,                ,             ,                   ,                ,0                 ,13.3        ,88.0   ,1          ,2      ,315.0   ,11.3        ,1008.4     ,0          ,23.22
2019-09-28 00:00:01,30.010     ,                ,             ,                   ,                ,0                 ,11.8        ,99.0   ,0          ,0      ,        ,11.7        ,1006.0     ,8          ,23.20
2019-09-29 00:00:01,29.840     ,                ,             ,                   ,                ,0                 ,13.6        ,98.0   ,0          ,1      ,90.0    ,13.3        ,1001.0     ,3          ,23.29
2019-10-01 00:00:01,29.360     ,                ,             ,                   ,                ,0                 ,9.5         ,65.0   ,1          ,3      ,90.0    ,3.2         ,1001.1     ,2          ,23.34
2019-10-02 00:00:01,29.240     ,                ,             ,                   ,                ,0                 ,6.3         ,94.0   ,0          ,0      ,        ,5.4         ,996.7      ,0          ,23.33
2019-10-03 00:00:02,29.280     ,                ,             ,                   ,                ,0                 ,5.1         ,96.0   ,0          ,0      ,        ,4.5         ,1005.1     ,2          ,23.38
2019-10-04 00:00:01,31.650     ,                ,             ,                   ,                ,0                 ,7.4         ,84.0   ,0          ,0      ,        ,4.9         ,1013.9     ,0          ,23.30
2019-10-07 00:00:01,31.460     ,                ,             ,                   ,                ,0                 ,1.9         ,81.0   ,0          ,0      ,        ,-1.0        ,1021.8     ,0          ,23.44
2019-10-08 00:00:01,31.410     ,                ,             ,                   ,                ,0                 ,3.0         ,91.0   ,0          ,0      ,        ,1.7         ,1013.7     ,0          ,23.40
2019-10-09 00:00:01,31.510     ,                ,             ,                   ,                ,0                 ,8.6         ,99.0   ,0          ,0      ,        ,8.4         ,998.3      ,7          ,23.33
2019-10-10 00:00:01,31.440     ,                ,             ,                   ,                ,0                 ,9.4         ,99.0   ,0          ,0      ,        ,9.3         ,999.4      ,2          ,23.33
2019-10-11 00:00:01,31.310     ,                ,             ,                   ,                ,0                 ,10.3        ,98.0   ,0          ,1      ,        ,10.0        ,1005.1     ,0          ,23.27
2019-10-12 00:00:01,31.510     ,                ,             ,                   ,                ,0                 ,11.3        ,99.0   ,0          ,0      ,        ,11.2        ,997.3      ,19         ,23.24
2019-10-13 00:00:01,31.280     ,                ,             ,                   ,                ,0                 ,10.7        ,99.0   ,0          ,0      ,        ,10.6        ,1007.8     ,1          ,23.23
2019-10-14 00:00:01,31.400     ,                ,             ,                   ,                ,0                 ,14.9        ,99.0   ,0          ,0      ,        ,14.7        ,1001.9     ,6          ,23.20
2019-10-15 00:00:01,31.120     ,                ,             ,                   ,                ,0                 ,10.8        ,90.0   ,0          ,2      ,315.0   ,9.2         ,1014.9     ,0          ,23.24
2019-10-16 00:00:01,31.010     ,                ,             ,                   ,                ,0                 ,12.4        ,99.0   ,0          ,0      ,        ,12.2        ,1005.9     ,5          ,23.25
2019-10-17 00:00:01,31.000     ,                ,             ,                   ,                ,0                 ,12.6        ,99.0   ,0          ,0      ,        ,12.4        ,1006.4     ,3          ,23.22
2019-10-18 00:00:01,30.730     ,                ,             ,                   ,                ,0                 ,12.0        ,99.0   ,0          ,0      ,        ,11.8        ,1010.3     ,3          ,23.26
2019-10-19 00:00:01,30.310     ,                ,             ,                   ,                ,0                 ,11.5        ,99.0   ,0          ,0      ,        ,11.3        ,1002.6     ,3          ,23.13
2019-10-20 00:00:01,30.170     ,                ,             ,                   ,                ,0                 ,12.4        ,98.0   ,0          ,0      ,        ,12.1        ,1005.8     ,0          ,23.08
2019-10-24 00:00:01,29.840     ,                ,             ,                   ,                ,0                 ,12.4        ,98.0   ,0          ,0      ,        ,12.1        ,1005.8     ,0          ,23.10
2019-10-25 00:00:01,26.710     ,                ,             ,                   ,                ,0                 ,12.4        ,98.0   ,0          ,0      ,        ,12.1        ,1005.8     ,0          ,23.09
